DSCode,Date,TR_Price,Stale,WeeklyLnReturn,DailyLnReturn
69568X,1/01/2020,1751.07,NULL,NULL,NULL
69568X,2/01/2020,1801,NULL,NULL,NULL
69568X,3/01/2020,1854.37,NULL,NULL,NULL
69568X,6/01/2020,1890.08,NULL,NULL,NULL
69568X,7/01/2020,1963.42,NULL,NULL,NULL
69568X,8/01/2020,2060.02,NULL,0.162489,0.0480278
69568X,9/01/2020,2014.82,NULL,0.112188,-0.0221858
69568X,10/01/2020,2001.46,NULL,0.0763319,-0.00665295
69568X,13/01/2020,2196.99,NULL,0.150469,0.0932113
69568X,14/01/2020,2251.65,NULL,0.136975,0.024575
69568X,15/01/2020,2170.36,NULL,0.0521774,-0.0367702
69568X,16/01/2020,2149.39,NULL,0.0646542,-0.00970897
69568X,17/01/2020,2136.88,NULL,0.0654699,-0.00583726
69568X,20/01/2020,2136.88,NULL,-0.0277414,0
69568X,21/01/2020,2290.5,NULL,0.0171069,0.0694233
69568X,22/01/2020,2384.09,NULL,0.0939244,0.0400474
69568X,23/01/2020,2395.14,NULL,0.108258,0.00462418
69568X,24/01/2020,2364.25,NULL,0.101114,-0.0129808
69568X,27/01/2020,2335.79,NULL,0.0890033,-0.0121107
69568X,28/01/2020,2372.96,NULL,0.035368,0.015788
69568X,29/01/2020,2431.94,NULL,0.0198718,0.0245512
69568X,30/01/2020,2682.34,NULL,0.113248,0.0980003
69568X,31/01/2020,2723.19,NULL,0.141343,0.0151144
69568X,3/02/2020,3264.96,NULL,0.334897,0.181444
69568X,4/02/2020,3713.1,NULL,0.447729,0.12862
69568X,5/02/2020,3075.34,NULL,0.234726,-0.188452
69568X,6/02/2020,3135.04,NULL,0.155952,0.0192265
69568X,7/02/2020,3131.31,NULL,0.139647,-0.00119049
69568X,10/02/2020,3228.46,NULL,-0.0112423,0.0305538
69568X,11/02/2020,3241.44,NULL,-0.135849,0.00401243
69568X,12/02/2020,3211.76,NULL,0.0434036,-0.0091986
69568X,13/02/2020,3365.42,NULL,0.0709108,0.0467337
69568X,14/02/2020,3348.81,NULL,0.0671536,-0.00494771
69568X,17/02/2020,3348.81,NULL,0.0365998,0
69568X,18/02/2020,3593.13,NULL,0.103006,0.0704186
69568X,19/02/2020,3840.18,NULL,0.1787,0.0664956
69568X,20/02/2020,3764.8,NULL,0.112142,-0.0198245
69568X,21/02/2020,3771.45,NULL,0.118854,0.0017648
69568X,24/02/2020,3490.12,NULL,0.0413311,-0.0775234
69568X,25/02/2020,3348.3,NULL,-0.0705709,-0.0414834
69568X,26/02/2020,3259.94,NULL,-0.16381,-0.026744
69568X,27/02/2020,2842.19,NULL,-0.28112,-0.137134
69568X,28/02/2020,2796.11,NULL,-0.29923,-0.0163457
69568X,2/03/2020,3112.68,NULL,-0.114452,0.107255
69568X,3/03/2020,3120.59,NULL,-0.0704307,0.002538
69568X,4/03/2020,3137.3,NULL,-0.0383462,0.00534047
69568X,5/03/2020,3032.82,NULL,0.064918,-0.0338697
69568X,6/03/2020,2944.66,NULL,0.0517642,-0.0294995
69568X,9/03/2020,2545,NULL,-0.201353,-0.145863
69568X,10/03/2020,2701.26,NULL,-0.144304,0.0595877
69568X,11/03/2020,2654.79,NULL,-0.166997,-0.0173528
69568X,12/03/2020,2346.38,NULL,-0.256619,-0.123492
69568X,13/03/2020,2288.07,NULL,-0.252285,-0.025165
69568X,16/03/2020,1863,NULL,-0.311943,-0.205521
69568X,17/03/2020,1800.75,NULL,-0.405515,-0.0339848
69568X,18/03/2020,1512.01,NULL,-0.562926,-0.174763
69568X,19/03/2020,1790.04,NULL,-0.270636,0.168798
69568X,20/03/2020,1789.58,NULL,-0.245728,-0.000257011
69568X,23/03/2020,1817.87,NULL,-0.0245226,0.0156845
69568X,24/03/2020,2113.85,NULL,0.160308,0.150845
69568X,25/03/2020,2257.22,NULL,0.400694,0.065623
69568X,26/03/2020,2210.8,NULL,0.211116,-0.0207795
69568X,27/03/2020,2153.04,NULL,0.1849,-0.0264736
69568X,30/03/2020,2101.84,NULL,0.145148,-0.0240676
69568X,31/03/2020,2193.39,NULL,0.0369374,0.0426351
69568X,1/04/2020,2015.74,NULL,-0.113148,-0.0844619
69568X,2/04/2020,1902.34,NULL,-0.15027,-0.0579017
69568X,3/04/2020,2009.25,NULL,-0.0691193,0.0546768
69568X,6/04/2020,2160.9,NULL,0.0277117,0.0727633
69568X,7/04/2020,2283.17,NULL,0.0401165,0.05504
69568X,8/04/2020,2297.36,NULL,0.130774,0.00619581
69568X,9/04/2020,2398.49,NULL,0.231755,0.0430787
69568X,10/04/2020,2398.49,NULL,0.177078,0
69568X,13/04/2020,2724.78,NULL,0.231863,0.127548
69568X,14/04/2020,2971.49,NULL,0.263499,0.0866758
69568X,15/04/2020,3054.96,NULL,0.285006,0.027703
69568X,16/04/2020,3119.34,NULL,0.262782,0.0208549
69568X,17/04/2020,3155.67,NULL,0.274361,0.0115794
69568X,20/04/2020,3124.15,NULL,0.136775,-0.0100386
69568X,21/04/2020,2874.51,NULL,-0.0331813,-0.08328
69568X,22/04/2020,3064.5,NULL,0.00311792,0.0640022
69568X,23/04/2020,2953.66,NULL,-0.0545764,-0.0368393
69568X,24/04/2020,3035.37,NULL,-0.0388675,0.0272882
69568X,27/04/2020,3343.45,NULL,0.067841,0.0966699
69568X,28/04/2020,3219.42,NULL,0.113319,-0.037802
69568X,29/04/2020,3350.82,NULL,0.0893207,0.0400039
69568X,30/04/2020,3272.83,NULL,0.10261,-0.02355
69568X,1/05/2020,2935.62,NULL,-0.0334147,-0.108736
69568X,4/05/2020,3186.23,NULL,-0.0481648,0.0819197
69568X,5/05/2020,3215.61,NULL,-0.00118414,0.00917868
69568X,6/05/2020,3275.76,NULL,-0.0226552,0.0185328
69568X,7/05/2020,3265.13,NULL,-0.00235548,-0.00325033
69568X,8/05/2020,3429.97,NULL,0.155633,0.0492519
69568X,11/05/2020,3395.94,NULL,0.0637422,-0.00997091
69568X,12/05/2020,3388.07,NULL,0.0522434,-0.00232016
69568X,13/05/2020,3310.84,NULL,0.010652,-0.0230585
69568X,14/05/2020,3362.62,NULL,0.0294209,0.0155185
69568X,15/05/2020,3345.21,NULL,-0.025022,-0.00519096
69568X,18/05/2020,3405.73,NULL,0.00287871,0.0179298
69568X,19/05/2020,3382.21,NULL,-0.0017311,-0.00692997
69568X,20/05/2020,3413.81,NULL,0.030627,0.00929963
69568X,21/05/2020,3464.21,NULL,0.0297642,0.0146556
69568X,22/05/2020,3419.34,NULL,0.0219181,-0.0130371
69568X,25/05/2020,3419.34,NULL,0.00398824,0
69568X,26/05/2020,3427.67,NULL,0.0133514,0.00243318
69568X,27/05/2020,3433.36,NULL,0.0057104,0.00165864
69568X,28/05/2020,3373,NULL,-0.0266821,-0.0177368
69568X,29/05/2020,3495.19,NULL,0.0219402,0.0355852
69568X,1/06/2020,3759.31,NULL,0.0947879,0.0728477
69568X,2/06/2020,3690.08,NULL,0.0737674,-0.0185873
69568X,3/06/2020,3695.94,NULL,0.0736955,0.00158678
69568X,4/06/2020,3618.17,NULL,0.0701658,-0.0212665
69568X,5/06/2020,3707.24,NULL,0.0588999,0.0243193
69568X,8/06/2020,3976.22,NULL,0.0560962,0.070044
69568X,9/06/2020,3937.5,NULL,0.0648979,-0.00978561
69568X,10/06/2020,4290.71,NULL,0.149217,0.0859062
69568X,11/06/2020,4072.16,NULL,0.118205,-0.0522786
69568X,12/06/2020,3914.94,NULL,0.0545123,-0.0393736
69568X,15/06/2020,4147.76,NULL,0.0422368,0.0577684
69568X,16/06/2020,4111.05,NULL,0.0431325,-0.00888996
69568X,17/06/2020,4151.48,NULL,-0.0329873,0.00978643
69568X,18/06/2020,4202.43,NULL,0.0314894,0.012198
69568X,19/06/2020,4189.62,NULL,0.06781,-0.00305289
69568X,22/06/2020,4162.07,NULL,0.00344412,-0.00659749
69568X,23/06/2020,4193.3,NULL,0.0198095,0.00747547
69568X,24/06/2020,4021.98,NULL,-0.0316906,-0.0417137
69568X,25/06/2020,4127.16,NULL,-0.0180734,0.0258152
69568X,26/06/2020,4017.33,NULL,-0.0419925,-0.026972
69568X,29/06/2020,4224.99,NULL,0.0150043,0.0503994
69568X,30/06/2020,4519.92,NULL,0.0750063,0.0674774
69568X,1/07/2020,4686.6,NULL,0.152933,0.0362131
69568X,2/07/2020,5059.27,NULL,0.203633,0.0765148
69568X,3/07/2020,5059.27,NULL,0.230605,0
69568X,6/07/2020,5741.23,NULL,0.306657,0.126451
69568X,7/07/2020,5817.75,NULL,0.252419,0.0132401
69568X,8/07/2020,5717.37,NULL,0.198802,-0.0174047
69568X,9/07/2020,5836.25,NULL,0.142866,0.0205796
69568X,10/07/2020,6465.67,NULL,0.245284,0.102418
69568X,13/07/2020,6266.47,NULL,0.0875397,-0.0312934
69568X,14/07/2020,6349.1,NULL,0.0873995,0.0130999
69568X,15/07/2020,6471.37,NULL,0.123879,0.0190748
69568X,16/07/2020,6281.45,NULL,0.0735124,-0.029787
69568X,17/07/2020,6282.29,NULL,-0.0287721,0.000133718
69568X,20/07/2020,6877.35,NULL,0.0930202,0.0904988
69568X,21/07/2020,6564.92,NULL,0.0334272,-0.0464931
69568X,22/07/2020,6665.26,NULL,0.0295211,0.0151686
69568X,23/07/2020,6333.48,NULL,0.008249,-0.0510591
69568X,24/07/2020,5931.35,NULL,-0.0574827,-0.065598
69568X,27/07/2020,6444.54,NULL,-0.0650001,0.0829814
69568X,28/07/2020,6180.37,NULL,-0.0603622,-0.0418551
69568X,29/07/2020,6275.05,NULL,-0.0603275,0.0152033
69568X,30/07/2020,6226.41,NULL,-0.0170499,-0.00778153
69568X,31/07/2020,5988.95,NULL,0.00966426,-0.0388838
69568X,3/08/2020,6215.99,NULL,-0.0361083,0.0372089
69568X,4/08/2020,6224.36,NULL,0.00709249,0.00134562
69568X,5/08/2020,6216.07,NULL,-0.00944358,-0.00133275
69568X,6/08/2020,6235.16,NULL,0.00140432,0.00306637
69568X,7/08/2020,6080.83,NULL,0.0152251,-0.025063
69568X,10/08/2020,5937.92,NULL,-0.0457661,-0.0237823
69568X,11/08/2020,5752.99,NULL,-0.0787509,-0.0316392
69568X,12/08/2020,6507.99,NULL,0.0458928,0.123311
69568X,13/08/2020,6785.27,NULL,0.0845498,0.0417234
69568X,14/08/2020,6909.63,NULL,0.127775,0.018162
69568X,17/08/2020,7683.71,NULL,0.257744,0.106186
69568X,18/08/2020,7899.08,NULL,0.317027,0.0276438
69568X,19/08/2020,7863.25,NULL,0.189169,-0.00454629
69568X,20/08/2020,8379.36,NULL,0.211017,0.0635715
69568X,21/08/2020,8580.91,NULL,0.216624,0.0237684
69568X,24/08/2020,8431.14,NULL,0.0928295,-0.017608
69568X,25/08/2020,8469.4,NULL,0.0697134,0.00452767
69568X,26/08/2020,9012.85,NULL,0.136451,0.0621917
69568X,27/08/2020,9371.07,NULL,0.111856,0.0389759
69568X,28/08/2020,9264.96,NULL,0.0766996,-0.0113877
69568X,31/08/2020,10429.5,NULL,0.212706,0.118399
69568X,1/09/2020,9942.45,NULL,0.160354,-0.0478249
69568X,2/09/2020,9363.13,NULL,0.0381283,-0.0600338
69568X,3/09/2020,8518.21,NULL,-0.0954211,-0.0945734
69568X,4/09/2020,8755.13,NULL,-0.0565997,0.0274336
69568X,7/09/2020,8755.13,NULL,-0.174999,0
69568X,8/09/2020,6911.05,NULL,-0.363692,-0.236518
69568X,9/09/2020,7665.97,NULL,-0.199989,0.103669
69568X,10/09/2020,7771.87,NULL,-0.0916954,0.0137198
69568X,11/09/2020,7800.75,NULL,-0.11542,0.00370908
69568X,14/09/2020,8782.34,NULL,0.00310307,0.118523
69568X,15/09/2020,9413.14,NULL,0.308985,0.0693637
69568X,16/09/2020,9245.71,NULL,0.187369,-0.0179469
69568X,17/09/2020,8862.07,NULL,0.13127,-0.0423793
69568X,18/09/2020,9253.87,NULL,0.170822,0.0432615
69568X,21/09/2020,9405.39,NULL,0.06854,0.0162411
69568X,22/09/2020,8878.82,NULL,-0.0584379,-0.0576143
69568X,23/09/2020,7960.65,NULL,-0.149649,-0.109158
69568X,24/09/2020,8116.16,NULL,-0.0879232,0.0193465
69568X,25/09/2020,8525.32,NULL,-0.0820013,0.0491834
69568X,28/09/2020,8815.4,NULL,-0.0647827,0.0334596
69568X,29/09/2020,8770.82,NULL,-0.0122384,-0.00506989
69568X,30/09/2020,8978.86,NULL,0.120362,0.0234426
69568X,1/10/2020,9379.65,NULL,0.144685,0.0436695
69568X,2/10/2020,8687.53,NULL,0.0188481,-0.0766538
69568X,5/10/2020,8909.16,NULL,0.0105798,0.0251913
69568X,6/10/2020,8664.29,NULL,-0.0122203,-0.02787
69568X,7/10/2020,8901.21,NULL,-0.0086857,0.0269772
69568X,8/10/2020,8914.19,NULL,-0.0508981,0.00145717
69568X,9/10/2020,9083.3,NULL,0.0445489,0.0187932
69568X,12/10/2020,9257.01,NULL,0.0383011,0.0189435
69568X,13/10/2020,9348.05,NULL,0.0759578,0.00978666
69568X,14/10/2020,9654.67,NULL,0.0812545,0.032274
69568X,15/10/2020,9394.72,NULL,0.0525034,-0.0272939
69568X,16/10/2020,9201.96,NULL,0.0129789,-0.0207313
69568X,19/10/2020,9016.95,NULL,-0.026275,-0.0203104
69568X,20/10/2020,8830.89,NULL,-0.056912,-0.0208503
69568X,21/10/2020,8845.54,NULL,-0.0875284,0.00165757
69568X,22/10/2020,8911.47,NULL,-0.0528086,0.00742583
69568X,23/10/2020,8803.47,NULL,-0.0442705,-0.0121932
69568X,26/10/2020,8796.15,NULL,-0.024792,-0.000831836
69568X,27/10/2020,8888.23,NULL,0.00647213,0.0104138
69568X,28/10/2020,8497.7,NULL,-0.0401178,-0.0449324
69568X,29/10/2020,8598.37,NULL,-0.0357666,0.0117771
69568X,30/10/2020,8121.39,NULL,-0.0806446,-0.0570713
69568X,2/11/2020,8382.38,NULL,-0.0481822,0.0316306
69568X,3/11/2020,8871.91,NULL,-0.00183782,0.0567582
69568X,4/11/2020,8810.8,NULL,0.0361827,-0.00691186
69568X,5/11/2020,9168.9,NULL,0.0642447,0.0398391
69568X,6/11/2020,8998.53,NULL,0.10256,-0.0187561
69568X,9/11/2020,8816.66,NULL,0.0505112,-0.0204181
69568X,10/11/2020,8588.53,NULL,-0.0324625,-0.0262155
69568X,11/11/2020,8730.22,NULL,-0.00918767,0.016363
69568X,12/11/2020,8617.83,NULL,-0.061984,-0.0129573
69568X,13/11/2020,8549.6,NULL,-0.0511767,-0.00794881
69568X,16/11/2020,8541.02,NULL,-0.0317627,-0.00100406
69568X,17/11/2020,9242.57,NULL,0.0733924,0.0789395
69568X,18/11/2020,10185,NULL,0.154125,0.0970961
69568X,19/11/2020,10449.3,NULL,0.192702,0.0256189
69568X,20/11/2020,10247.2,NULL,0.18112,-0.0195305
69568X,23/11/2020,10921.9,NULL,0.24589,0.0637655
69568X,24/11/2020,11623.7,NULL,0.229226,0.0622762
69568X,25/11/2020,12013.4,NULL,0.165107,0.0329766
69568X,26/11/2020,12013.4,NULL,0.139488,0
69568X,27/11/2020,12259.5,NULL,0.179297,0.0202785
69568X,30/11/2020,11879.5,NULL,0.0840443,-0.0314869
69568X,1/12/2020,12238.6,NULL,0.0515488,0.0297807
69568X,2/12/2020,11905,NULL,-0.00906421,-0.0276364
69568X,3/12/2020,12419,NULL,0.0332049,0.0422691
69568X,4/12/2020,12537.5,NULL,0.022423,0.0094966
69568X,7/12/2020,13431.6,NULL,0.122796,0.068886
69568X,8/12/2020,13601.5,NULL,0.105585,0.0125699
69568X,9/12/2020,12651.3,NULL,0.0608015,-0.0724201
69568X,10/12/2020,13124.1,NULL,0.0552227,0.0366903
69568X,11/12/2020,12766.6,NULL,0.0181082,-0.0276178
69568X,14/12/2020,13391.2,NULL,-0.00301236,0.0477654
69568X,15/12/2020,13253.5,NULL,-0.0259184,-0.0103361
69568X,16/12/2020,13034.1,NULL,0.029809,-0.0166927
69568X,17/12/2020,13727.5,NULL,0.0449509,0.0518321
69568X,18/12/2020,14545.8,NULL,0.13047,0.0579012
69568X,21/12/2020,13601.1,NULL,0.0155529,-0.0671516
69568X,22/12/2020,13401.8,NULL,0.0111274,-0.0147616
69568X,23/12/2020,13519.9,NULL,0.0365937,0.00877365
69568X,24/12/2020,13850.4,NULL,0.00891299,0.0241514
69568X,25/12/2020,13850.4,NULL,-0.0489882,0
69568X,28/12/2020,13890.5,NULL,0.0210545,0.00289104
69568X,29/12/2020,13938.7,NULL,0.0392801,0.00346399
69568X,30/12/2020,14541.2,NULL,0.0728233,0.0423169
69568X,31/12/2020,14769.2,NULL,0.0642298,0.0155579
69568X,1/01/2021,14769.2,NULL,0.0642298,0
69568X,4/01/2021,15273.5,NULL,0.0949141,0.0335754
69568X,5/01/2021,15385.3,NULL,0.0987434,0.00729321
69568X,6/01/2021,15822.1,NULL,0.0844217,0.0279952
69568X,7/01/2021,17079.1,NULL,0.145312,0.0764478
69568X,8/01/2021,18418.2,NULL,0.220795,0.0754838
69568X,11/01/2021,16977.6,NULL,0.105776,-0.0814445
69568X,12/01/2021,17778.2,NULL,0.14456,0.0460782
69568X,13/01/2021,17882.2,NULL,0.122398,0.00583282
69568X,14/01/2021,17685.2,NULL,0.0348726,-0.0110777
69568X,15/01/2021,17290.9,NULL,-0.063159,-0.0225478
69568X,18/01/2021,17290.9,NULL,0.0182855,0
69568X,19/01/2021,17675.8,NULL,-0.00577652,0.0220161
69568X,20/01/2021,17799.3,NULL,-0.00464667,0.00696266
69568X,21/01/2021,17685,NULL,-0.000011309,-0.00644231
69568X,22/01/2021,17719.5,NULL,0.0244854,0.00194891
69568X,25/01/2021,18434.5,NULL,0.0640436,0.0395582
69568X,26/01/2021,18482.4,NULL,0.0446225,0.00259502
69568X,27/01/2021,18086.2,NULL,0.0159901,-0.0216697
69568X,28/01/2021,17484.9,NULL,-0.0113792,-0.0338116
69568X,29/01/2021,16608,NULL,-0.0647812,-0.0514531
69568X,1/02/2021,17576.6,NULL,-0.0476554,0.056684
69568X,2/02/2021,18266.8,NULL,-0.0117337,0.0385167
69568X,3/02/2021,17888,NULL,-0.0110191,-0.0209551
69568X,4/02/2021,17789.7,NULL,0.017282,-0.00551046
69568X,5/02/2021,17836.5,NULL,0.0713624,0.00262728
69568X,8/02/2021,18070.7,NULL,0.0277234,0.0130449
69568X,9/02/2021,17778.6,NULL,-0.0270897,-0.0162964
69568X,10/02/2021,16844.3,NULL,-0.0601178,-0.0539832
69568X,11/02/2021,16987.4,NULL,-0.0461477,0.00845957
69568X,12/02/2021,17080.8,NULL,-0.0432919,0.00548313
69568X,15/02/2021,17080.8,NULL,-0.0563368,0
69568X,16/02/2021,16664.3,NULL,-0.0647268,-0.0246863
69568X,17/02/2021,16704.7,NULL,-0.0083222,0.00242141
69568X,18/02/2021,16479.3,NULL,-0.0303668,-0.0135851
69568X,19/02/2021,16352,NULL,-0.0436048,-0.00775483
69568X,22/02/2021,14954,NULL,-0.132976,-0.0893714
69568X,23/02/2021,14626.2,NULL,-0.130454,-0.0221644
69568X,24/02/2021,15529.9,NULL,-0.0729229,0.0599528
69568X,25/02/2021,14278.4,NULL,-0.143357,-0.0840193
69568X,26/02/2021,14137.7,NULL,-0.145505,-0.00990292
69568X,1/03/2021,15036.2,NULL,0.0054818,0.0616156
69568X,2/03/2021,14366.7,NULL,-0.0179014,-0.0455476
69568X,3/03/2021,13671,NULL,-0.12749,-0.0496362
69568X,4/03/2021,13006.3,NULL,-0.0933141,-0.0498429
69568X,5/03/2021,12514.7,NULL,-0.121941,-0.0385299
69568X,8/03/2021,11783.2,NULL,-0.243786,-0.0602292
69568X,9/03/2021,14097.5,NULL,-0.0189156,0.179323
69568X,10/03/2021,13982,NULL,0.022494,-0.00822669
69568X,11/03/2021,14642.1,NULL,0.118467,0.0461302
69568X,12/03/2021,14519.2,NULL,0.148568,-0.00842903
69568X,15/03/2021,14816.7,NULL,0.22908,0.020283
69568X,16/03/2021,14166.6,NULL,0.0048896,-0.0448678
69568X,17/03/2021,14688.4,NULL,0.0492873,0.036171
69568X,18/03/2021,13670.2,NULL,-0.0686827,-0.0718398
69568X,19/03/2021,13705.9,NULL,-0.0576455,0.00260812
69568X,22/03/2021,14022.6,NULL,-0.0550846,0.0228439
69568X,23/03/2021,13858.5,NULL,-0.0219883,-0.0117716
69568X,24/03/2021,13191.1,NULL,-0.107516,-0.0493564
69568X,25/03/2021,13402.9,NULL,-0.0197472,0.0159287
69568X,26/03/2021,12949.1,NULL,-0.0568001,-0.0344448
69568X,29/03/2021,12793.8,NULL,-0.0917096,-0.0120656
69568X,30/03/2021,13303,NULL,-0.0409092,0.0390289
69568X,31/03/2021,13979.3,NULL,0.0580353,0.0495881
69568X,1/04/2021,13849.9,NULL,0.0328069,-0.00929965
69568X,2/04/2021,13849.9,NULL,0.0672517,0
69568X,5/04/2021,14463.2,NULL,0.122647,0.0433295
69568X,6/04/2021,14475.1,NULL,0.0844404,0.000822439
69568X,7/04/2021,14042.9,NULL,0.00453927,-0.030313
69568X,8/04/2021,14311.4,NULL,0.0327784,0.0189395
69568X,9/04/2021,14169.5,NULL,0.0228138,-0.00996466
69568X,12/04/2021,14691.9,NULL,0.0156888,0.0362046
69568X,13/04/2021,15954.8,NULL,0.0973298,0.0824634
69568X,14/04/2021,15325,NULL,0.0873686,-0.0402742
69568X,15/04/2021,15463.6,NULL,0.0774325,0.00900339
69568X,16/04/2021,15483,NULL,0.0886509,0.00125377
69568X,19/04/2021,14956.7,NULL,0.017863,-0.0345833
69568X,20/04/2021,15047.9,NULL,-0.0585213,0.00607909
69568X,21/04/2021,15573.9,NULL,0.016111,0.034358
69568X,22/04/2021,15062.6,NULL,-0.026274,-0.0333816
69568X,23/04/2021,15265.8,NULL,-0.0141276,0.0134002
69568X,26/04/2021,15450,NULL,0.0324496,0.011994
69568X,27/04/2021,14749.7,NULL,-0.0200157,-0.0463863
69568X,28/04/2021,14533.3,NULL,-0.0691539,-0.0147802
69568X,29/04/2021,14169.1,NULL,-0.0611513,-0.025379
69568X,30/04/2021,14848,NULL,-0.0277499,0.0468016
69568X,3/05/2021,14334.5,NULL,-0.0749398,-0.035196
69568X,4/05/2021,14098,NULL,-0.0451898,-0.0166363
69568X,5/05/2021,14042.3,NULL,-0.0343684,-0.00395874
69568X,6/05/2021,13887.4,NULL,-0.0200816,-0.0110922
69568X,7/05/2021,14072.2,NULL,-0.053664,0.0132193
69568X,10/05/2021,13165.3,NULL,-0.0850846,-0.0666166
69568X,11/05/2021,12917.5,NULL,-0.08745,-0.0190016
69568X,12/05/2021,12346,NULL,-0.128742,-0.0452509
69568X,13/05/2021,11965,NULL,-0.148996,-0.0313464
69568X,14/05/2021,12342.8,NULL,-0.131128,0.0310872
69568X,17/05/2021,12072.6,NULL,-0.0866462,-0.0221345
69568X,18/05/2021,12094.4,NULL,-0.0658404,0.00180411
69568X,19/05/2021,11792.8,NULL,-0.0458429,-0.0252534
69568X,20/05/2021,12280.9,NULL,0.0260595,0.040556
69568X,21/05/2021,12157.4,NULL,-0.0151349,-0.0101072
69568X,24/05/2021,12692.3,NULL,0.0500571,0.0430575
69568X,25/05/2021,12655.7,NULL,0.0453652,-0.0028878
69568X,26/05/2021,12957.9,NULL,0.0942165,0.0235979
69568X,27/05/2021,13203.2,NULL,0.072414,0.0187536
69568X,28/05/2021,13085.4,NULL,0.0735591,-0.00896212
69568X,31/05/2021,13085.4,NULL,0.0305016,0
69568X,1/06/2021,13057.8,NULL,0.031278,-0.00211145
69568X,2/06/2021,12664.7,NULL,-0.022887,-0.0305671
69568X,3/06/2021,11989.1,NULL,-0.0964613,-0.0548207
69568X,4/06/2021,12537.7,NULL,-0.042757,0.0447422
69568X,7/06/2021,12664.9,NULL,-0.0326627,0.0100943
69568X,8/06/2021,12632.7,NULL,-0.033097,-0.0025457
69568X,9/06/2021,12532,NULL,-0.0105332,-0.00800332
69568X,10/06/2021,12769.4,NULL,0.0630538,0.0187663
69568X,11/06/2021,12764.5,NULL,0.0179278,-0.000383804
69568X,14/06/2021,12927.8,NULL,0.0205456,0.0127122
69568X,15/06/2021,12544.2,NULL,-0.00703028,-0.0301216
69568X,16/06/2021,12659.5,NULL,0.0101225,0.00914951
69568X,17/06/2021,12905,NULL,0.0105631,0.0192069
69568X,18/06/2021,13045.4,NULL,0.0217677,0.0108207
69568X,21/06/2021,12993.5,NULL,0.0050692,-0.00398635
69568X,22/06/2021,13053.8,NULL,0.0398209,0.00463005
69568X,23/06/2021,13741.5,NULL,0.0820125,0.0513412
69568X,24/06/2021,14228.1,NULL,0.0976041,0.0347984
69568X,25/06/2021,14061.7,NULL,0.0750192,-0.0117641
69568X,28/06/2021,14414.4,NULL,0.103778,0.0247729
69568X,29/06/2021,14247.8,NULL,0.0875232,-0.0116252
69568X,30/06/2021,14225.6,NULL,0.0346227,-0.00155935
69568X,1/07/2021,14188.4,NULL,-0.00279415,-0.00261843
69568X,2/07/2021,14208.9,NULL,0.0104137,0.0014438
69568X,5/07/2021,14208.9,NULL,-0.0143592,0
69568X,6/07/2021,13804.5,NULL,-0.0316079,-0.0288739
69568X,7/07/2021,13492,NULL,-0.0529462,-0.0228977
69568X,8/07/2021,13662.8,NULL,-0.0377479,0.0125799
69568X,9/07/2021,13749.5,NULL,-0.0328661,0.00632565
69568X,12/07/2021,14351.2,NULL,0.00996503,0.0428311
69568X,13/07/2021,13992,NULL,0.0134911,-0.0253478
69568X,14/07/2021,13674.8,NULL,0.0134578,-0.022931
69568X,15/07/2021,13616.6,NULL,-0.00338717,-0.00426509
69568X,16/07/2021,13483,NULL,-0.0195728,-0.00986
69568X,19/07/2021,13524.9,NULL,-0.0593011,0.0031028
69568X,20/07/2021,13823.8,NULL,-0.012094,0.0218593
69568X,21/07/2021,13714.7,NULL,0.00291353,-0.00792349
69568X,22/07/2021,13588.5,NULL,-0.00206579,-0.0092444
69568X,23/07/2021,13465.5,NULL,-0.00129877,-0.00909299
69568X,26/07/2021,13763.5,NULL,0.0174877,0.0218893
69568X,27/07/2021,13494.8,NULL,-0.0240873,-0.0197157
69568X,28/07/2021,13540.8,NULL,-0.0127609,0.00340292
69568X,29/07/2021,14176.4,NULL,0.0423548,0.0458713
69568X,30/07/2021,14382.6,NULL,0.0658883,0.0144405
69568X,2/08/2021,14852.9,NULL,0.076175,0.032176
69568X,3/08/2021,14854.3,NULL,0.095985,9.43E-05
69568X,4/08/2021,14879,NULL,0.0942435,0.00166144
69568X,5/08/2021,14956.7,NULL,0.0535807,0.00520854
69568X,6/08/2021,14631.6,NULL,0.0171644,-0.0219758
69568X,9/08/2021,14938.5,NULL,0.00574664,0.0207582
69568X,10/08/2021,14859.6,NULL,0.000356735,-0.00529565
69568X,11/08/2021,14814.2,NULL,-0.00436464,-0.00305994
69568X,12/08/2021,15116.2,NULL,0.0106077,0.0201808
69568X,13/08/2021,15009.8,NULL,0.0255197,-0.0070637
69568X,16/08/2021,14361,NULL,-0.0394256,-0.0441871
69568X,17/08/2021,13932.8,NULL,-0.0644003,-0.0302704
69568X,18/08/2021,14420,NULL,-0.02697,0.0343704
69568X,19/08/2021,14095.2,NULL,-0.0699327,-0.0227818
69568X,20/08/2021,14237.3,NULL,-0.052838,0.010031
69568X,23/08/2021,14782.3,NULL,0.0289143,0.0375652
69568X,24/08/2021,14828.2,NULL,0.062285,0.00310025
69568X,25/08/2021,14884.9,NULL,0.0317311,0.0038165
69568X,26/08/2021,14674.8,NULL,0.0402974,-0.0142155
69568X,27/08/2021,14900,NULL,0.0454959,0.0152295
69568X,30/08/2021,15297.4,NULL,0.0342524,0.0263217
69568X,31/08/2021,15398.1,NULL,0.0377134,0.00656125
69568X,1/09/2021,15364,NULL,0.0316798,-0.00221701
69568X,2/09/2021,15328.4,NULL,0.0435756,-0.00231979
69568X,3/09/2021,15353.1,NULL,0.0299562,0.00161009
69568X,6/09/2021,15353.1,NULL,0.00363453,0
69568X,7/09/2021,15758,NULL,0.023104,0.0260308
69568X,8/09/2021,15777.9,NULL,0.0265831,0.00126205
69568X,9/09/2021,15798.7,NULL,0.0302203,0.00131743
69568X,10/09/2021,15409.6,NULL,0.00367328,-0.024937
69568X,13/09/2021,15550.4,NULL,0.012769,0.00909567
69568X,14/09/2021,15581.6,NULL,-0.0112574,0.00200437
69568X,15/09/2021,15819,NULL,0.00260152,0.015121
69568X,16/09/2021,15843.2,NULL,0.00281273,0.00152864
69568X,17/09/2021,15895.6,NULL,0.0310516,0.00330196
69568X,20/09/2021,15281.9,NULL,-0.0174172,-0.0393732
69568X,21/09/2021,15474.7,NULL,-0.0068843,0.0125373
69568X,22/09/2021,15737.5,NULL,-0.00516535,0.01684
69568X,23/09/2021,15773.1,NULL,-0.00443443,0.00225956
69568X,24/09/2021,16207.4,NULL,0.0194256,0.027162
69568X,27/09/2021,16562.6,NULL,0.080478,0.0216792
69568X,28/09/2021,16273.8,NULL,0.05035,-0.0175907
69568X,29/09/2021,16352.2,NULL,0.038316,0.00480599
69568X,30/09/2021,16230.2,NULL,0.0285677,-0.00748874
69568X,1/10/2021,16224.8,NULL,0.00107301,-0.000332768
69568X,4/10/2021,16356.8,NULL,-0.0125034,0.00810278
69568X,5/10/2021,16337.2,NULL,0.00388826,-0.001199
69568X,6/10/2021,16382.4,NULL,0.00184514,0.00276287
69568X,7/10/2021,16609.7,NULL,0.0231132,0.0137793
69568X,8/10/2021,16439.7,NULL,0.0131582,-0.0102877
69568X,11/10/2021,16574.7,NULL,0.0132337,0.00817829
69568X,12/10/2021,16863.1,NULL,0.0316831,0.0172504
69568X,13/10/2021,16975.3,NULL,0.0355518,0.00663154
69568X,14/10/2021,17126.8,NULL,0.0306576,0.00888514
69568X,15/10/2021,17644,NULL,0.0706966,0.0297513
69568X,18/10/2021,18210.8,NULL,0.0941374,0.031619
69568X,19/10/2021,18088.5,NULL,0.0701486,-0.00673845
69568X,20/10/2021,18120.6,NULL,0.0652901,0.00177304
69568X,21/10/2021,18710.8,NULL,0.0884564,0.0320515
69568X,22/10/2021,19038.9,NULL,0.0760885,0.0173834
69568X,25/10/2021,21449.6,NULL,0.163691,0.119222
69568X,26/10/2021,21315,NULL,0.164135,-0.00629495
69568X,27/10/2021,21721.6,NULL,0.181258,0.0188961
69568X,28/10/2021,22541.7,NULL,0.186266,0.0370598
69568X,29/10/2021,23315.2,NULL,0.202621,0.0337386
69568X,1/11/2021,25294.9,NULL,0.164897,0.0814973
69568X,2/11/2021,24529.1,NULL,0.140449,-0.0307426
69568X,3/11/2021,25405.2,NULL,0.156647,0.0350937
69568X,4/11/2021,25741.1,NULL,0.132722,0.0131351
69568X,5/11/2021,25577.4,NULL,0.0926036,-0.00637979
69568X,8/11/2021,24339.5,NULL,-0.0385022,-0.0496086
69568X,9/11/2021,21421.1,NULL,-0.135484,-0.127724
69568X,10/11/2021,22351.4,NULL,-0.128065,0.0425125
69568X,11/11/2021,22258.5,NULL,-0.145365,-0.004165
69568X,12/11/2021,21628.7,NULL,-0.167688,-0.0287028
69568X,15/11/2021,21209.5,NULL,-0.137651,-0.0195719
69568X,16/11/2021,22074.7,NULL,0.0300557,0.039983
69568X,17/11/2021,22792.2,NULL,0.0195294,0.0319862
69568X,18/11/2021,22946.4,NULL,0.0304371,0.00674269
69568X,19/11/2021,23797.8,NULL,0.095572,0.0364321
69568X,22/11/2021,24212.4,NULL,0.132416,0.0172718
69568X,23/11/2021,23211.2,NULL,0.0502028,-0.04223
69568X,24/11/2021,23357.1,NULL,0.0244826,0.00626609
69568X,25/11/2021,23357.1,NULL,0.0177399,0
69568X,26/11/2021,22643.8,NULL,-0.0497071,-0.0310149
69568X,29/11/2021,23796.4,NULL,-0.0173306,0.0496482
69568X,30/11/2021,23959,NULL,0.0317091,0.00680973
69568X,1/12/2021,22917.5,NULL,-0.0190002,-0.0444432
69568X,2/12/2021,22699.9,NULL,-0.0285405,-0.00954029
69568X,3/12/2021,21242.6,NULL,-0.0638775,-0.0663519
69568X,6/12/2021,21117.8,NULL,-0.119418,-0.00589231
69568X,7/12/2021,22012.3,NULL,-0.0847427,0.0414851
69568X,8/12/2021,22372.5,NULL,-0.0240683,0.0162311
69568X,9/12/2021,21008.8,NULL,-0.0774191,-0.0628911
69568X,10/12/2021,21285.7,NULL,0.00202689,0.0130941
69568X,13/12/2021,20226.2,NULL,-0.0431375,-0.0510567
69568X,14/12/2021,20060.9,NULL,-0.0928287,-0.00820615
69568X,15/12/2021,20426.8,NULL,-0.0909848,0.0180751
69568X,16/12/2021,19399.8,NULL,-0.0796786,-0.051585
69568X,17/12/2021,19518,NULL,-0.0866984,0.00607436
69568X,20/12/2021,18835.1,NULL,-0.0712566,-0.035615
69568X,21/12/2021,19642.7,NULL,-0.0210669,0.0419836
69568X,22/12/2021,21114.9,NULL,0.0331312,0.0722732
69568X,23/12/2021,22331.5,NULL,0.140735,0.0560193
69568X,24/12/2021,22331.5,NULL,0.134661,0
69568X,27/12/2021,22895.3,NULL,0.19521,0.0249334
69568X,28/12/2021,22780.9,NULL,0.148217,-0.00500918
69568X,29/12/2021,22733.2,NULL,0.0738475,-0.00209605
69568X,30/12/2021,22401.4,NULL,0.00312522,-0.014703
69568X,31/12/2021,22117.6,NULL,-0.00962457,-0.0127498
69568X,3/01/2022,25110.5,NULL,0.0923544,0.126912
69568X,4/01/2022,24060.1,NULL,0.0546324,-0.0427312
69568X,5/01/2022,22773.6,NULL,0.00177556,-0.0549529
69568X,6/01/2022,22283.4,NULL,-0.00528145,-0.02176
69568X,7/01/2022,21493.5,NULL,-0.0286231,-0.0360914
69568X,10/01/2022,22145.7,NULL,-0.125643,0.0298928
69568X,11/01/2022,22277.1,NULL,-0.0769956,0.0059159
69568X,12/01/2022,23152.4,NULL,0.0164965,0.0385392
69568X,13/01/2022,21589.8,NULL,-0.031621,-0.0698775
69568X,14/01/2022,21967.6,NULL,0.0218181,0.0173477
69568X,17/01/2022,21967.6,NULL,-0.00807471,0
69568X,18/01/2022,21567.8,NULL,-0.0323578,-0.0183672
69568X,19/01/2022,20838.2,NULL,-0.105311,-0.0344136
69568X,20/01/2022,20851.2,NULL,-0.0348095,0.00062366
69568X,21/01/2022,19755.1,NULL,-0.106157,-0.0539998
69568X,24/01/2022,19464.2,NULL,-0.120992,-0.0148348
69568X,25/01/2022,19221.4,NULL,-0.115177,-0.0125526
69568X,26/01/2022,19619.3,NULL,-0.0602741,0.0204895
69568X,27/01/2022,17352.4,NULL,-0.183681,-0.122783
69568X,28/01/2022,17713.5,NULL,-0.109085,0.0205962
69568X,31/01/2022,19604.9,NULL,0.00720265,0.101452
69568X,1/02/2022,19490.4,NULL,0.0138978,-0.0058575
69568X,2/02/2022,18954.8,NULL,-0.0344566,-0.0278648
69568X,3/02/2022,18650.9,NULL,0.0721636,-0.0161628
69568X,4/02/2022,19324.4,NULL,0.0870415,0.0354741
69568X,7/02/2022,18989.9,NULL,-0.0318723,-0.0174613
69568X,8/02/2022,19296.8,NULL,-0.00998276,0.016032
69568X,9/02/2022,19506.1,NULL,0.02867,0.010788
69568X,10/02/2022,18931.6,NULL,0.0149381,-0.0298948
69568X,11/02/2022,17999.2,NULL,-0.0710412,-0.0505052
69568X,14/02/2022,18329,NULL,-0.0354228,0.0181572
69568X,15/02/2022,19305.8,NULL,0.00046629,0.0519211
69568X,16/02/2022,19325.9,NULL,-0.00928107,0.0010406
69568X,17/02/2022,18341.4,NULL,-0.0316717,-0.0522854
69568X,18/02/2022,17935.9,NULL,-0.00352302,-0.0223565
69568X,21/02/2022,17935.9,NULL,-0.0216802,0
69568X,22/02/2022,17194,NULL,-0.115845,-0.0422438
69568X,23/02/2022,15990.8,NULL,-0.189433,-0.0725469
69568X,24/02/2022,16759.5,NULL,-0.0901955,0.0469517
69568X,25/02/2022,16950,NULL,-0.0565365,0.0113026
69568X,28/02/2022,18217.4,NULL,0.0155729,0.0721093
69568X,1/03/2022,18090.6,NULL,0.050832,-0.00698471
69568X,2/03/2022,18415.4,NULL,0.141174,0.0177948
69568X,3/03/2022,17565.7,NULL,0.0469829,-0.0472391
69568X,4/03/2022,17544.8,NULL,0.0344898,-0.00119053
69568X,7/03/2022,16839.3,NULL,-0.0786617,-0.0410422
69568X,8/03/2022,17254.1,NULL,-0.0473427,0.0243344
69568X,9/03/2022,17977.6,NULL,-0.0240607,0.0410767
69568X,10/03/2022,17545,NULL,-0.00117913,-0.0243575
69568X,11/03/2022,16646.1,NULL,-0.0525817,-0.0525931
69568X,14/03/2022,16039.6,NULL,-0.0486548,-0.0371153
69568X,15/03/2022,16783,NULL,-0.0276833,0.0453058
69568X,16/03/2022,17585.4,NULL,-0.0220575,0.0467025
69568X,17/03/2022,18241.9,NULL,0.0389521,0.0366521
69568X,18/03/2022,18949.1,NULL,0.12958,0.0380353
69568X,21/03/2022,19279.2,NULL,0.183966,0.0172704
69568X,22/03/2022,20803.3,NULL,0.214745,0.0760848
69568X,23/03/2022,20910.6,NULL,0.173187,0.00514458
69568X,24/03/2022,21220.6,NULL,0.151251,0.0147162
69568X,25/03/2022,21151.9,NULL,0.109973,-0.00324267
69568X,28/03/2022,22851.4,NULL,0.169986,0.0772827
69568X,29/03/2022,23013.2,NULL,0.100956,0.00705558
69568X,30/03/2022,22896.4,NULL,0.0907235,-0.00508827
69568X,31/03/2022,22553.4,NULL,0.0609134,-0.0150939
69568X,1/04/2022,22699.7,NULL,0.070622,0.00646588
69568X,4/04/2022,23973.4,NULL,0.0479325,0.0545932
69568X,5/04/2022,22839.3,NULL,-0.00758523,-0.0484621
69568X,6/04/2022,21887,NULL,-0.0450868,-0.0425899
69568X,7/04/2022,22127.7,NULL,-0.0190556,0.0109374
69568X,8/04/2022,21462.8,NULL,-0.0560305,-0.030509
69568X,11/04/2022,20425.5,NULL,-0.160161,-0.0495371
69568X,12/04/2022,20656.1,NULL,-0.100472,0.0112266
69568X,13/04/2022,21397.4,NULL,-0.0226234,0.0352587
69568X,14/04/2022,20615.3,NULL,-0.0707967,-0.0372359
69568X,15/04/2022,20615.3,NULL,-0.0402877,0
69568X,18/04/2022,21019.1,NULL,0.0286474,0.019398
69568X,19/04/2022,21518.4,NULL,0.0408977,0.0234768
69568X,20/04/2022,20452.1,NULL,-0.0451839,-0.0508228
69568X,21/04/2022,21113,NULL,0.0238554,0.0318034
69568X,22/04/2022,21034.9,NULL,0.0201494,-0.003706
69568X,25/04/2022,20887.8,NULL,-0.00626629,-0.00701771
69568X,26/04/2022,18342.8,NULL,-0.159671,-0.129928
69568X,27/04/2022,18449.3,NULL,-0.103059,0.0057893
69568X,28/04/2022,18365.6,NULL,-0.13941,-0.00454708
69568X,29/04/2022,18224.4,NULL,-0.143422,-0.00771799
69568X,2/05/2022,18897.9,NULL,-0.100114,0.0362894
69568X,3/05/2022,19029.9,NULL,0.0367743,0.00696062
69568X,4/05/2022,19937.6,NULL,0.077581,0.046596
69568X,5/05/2022,18277.1,NULL,-0.00483044,-0.0869585
69568X,6/05/2022,18117.4,NULL,-0.00588855,-0.00877611
69568X,9/05/2022,16473.6,NULL,-0.137292,-0.0951137
69568X,10/05/2022,16744.2,NULL,-0.127959,0.0162928
69568X,11/05/2022,15362.1,NULL,-0.260704,-0.0861485
69568X,12/05/2022,15236.5,NULL,-0.181955,-0.00820957
69568X,13/05/2022,16107,NULL,-0.117619,0.0555601
69568X,16/05/2022,15160.5,NULL,-0.0830657,-0.0605606
69568X,17/05/2022,15939.9,NULL,-0.0492265,0.050132
69568X,18/05/2022,14855.8,NULL,-0.0335131,-0.070435
69568X,19/05/2022,14847.6,NULL,-0.0258556,-0.000552125
69568X,20/05/2022,13894.9,NULL,-0.147732,-0.0663164
69568X,23/05/2022,14125.2,NULL,-0.0707329,0.0164386
69568X,24/05/2022,13146.9,NULL,-0.192639,-0.0717744
69568X,25/05/2022,13788.2,NULL,-0.0745772,0.0476272
69568X,26/05/2022,14812.3,NULL,-0.00238032,0.0716448
69568X,27/05/2022,15898.5,NULL,0.134703,0.0707669
69568X,30/05/2022,15898.5,NULL,0.118264,0
69568X,31/05/2022,15869.8,NULL,0.188232,-0.00180683
69568X,1/06/2022,15495.4,NULL,0.11673,-0.0238747
69568X,2/06/2022,16220.2,NULL,0.0907995,0.0457142
69568X,3/06/2022,14724.8,NULL,-0.0766916,-0.0967242
69568X,6/06/2022,14961.1,NULL,-0.0607713,0.0159204
69568X,7/06/2022,14999.2,NULL,-0.0564211,0.00254337
69568X,8/06/2022,15186.3,NULL,-0.0201495,0.0123968
69568X,9/06/2022,15050.7,NULL,-0.0748329,-0.0089692
69568X,10/06/2022,14581.2,NULL,-0.00980012,-0.0316915
69568X,13/06/2022,13545.6,NULL,-0.0993917,-0.0736713
69568X,14/06/2022,13869.2,NULL,-0.0783263,0.0236088
69568X,15/06/2022,14629.5,NULL,-0.0373537,0.0533695
69568X,16/06/2022,13380.1,NULL,-0.117656,-0.0892715
69568X,17/06/2022,13609.9,NULL,-0.0689356,0.0170289
69568X,20/06/2022,13609.9,NULL,0.0047357,0
69568X,21/06/2022,14883,NULL,0.0705491,0.0894222
69568X,22/06/2022,14823.4,NULL,0.013167,-0.00401261
69568X,23/06/2022,14759.5,NULL,0.0981184,-0.00432007
69568X,24/06/2022,15427.4,NULL,0.125348,0.0442582
69568X,27/06/2022,15378,NULL,0.12214,-0.00320723
69568X,28/06/2022,14608.4,NULL,-0.0186229,-0.0513412
69568X,29/06/2022,14346.4,NULL,-0.032708,-0.0180977
69568X,30/06/2022,14094.2,NULL,-0.0461236,-0.0177357
69568X,1/07/2022,14269.4,NULL,-0.0780278,0.012354
69568X,4/07/2022,14269.4,NULL,-0.0748205,0
69568X,5/07/2022,14633.7,NULL,0.00173038,0.0252097
69568X,6/07/2022,14550,NULL,0.014092,-0.00573609
69568X,7/07/2022,15354.3,NULL,0.0856322,0.0538046
69568X,8/07/2022,15744.9,NULL,0.0983991,0.0251209
69568X,11/07/2022,14713.9,NULL,0.0306752,-0.0677239
69568X,12/07/2022,14634,NULL,2.05E-05,-0.00544504
69568X,13/07/2022,14883.2,NULL,0.0226421,0.0168855
69568X,14/07/2022,14963.2,NULL,-0.0258017,0.00536079
69568X,15/07/2022,15073.2,NULL,-0.0435982,0.00732448
69568X,18/07/2022,15103.4,NULL,0.0261273,0.00200155
69568X,19/07/2022,15416.3,NULL,0.0520778,0.0205055
69568X,20/07/2022,15540,NULL,0.0431843,0.00799195
69568X,21/07/2022,17059.9,NULL,0.131137,0.0933133
69568X,22/07/2022,17093.6,NULL,0.125786,0.00197344
69568X,25/07/2022,16854.3,NULL,0.109686,-0.0140983
69568X,26/07/2022,16253.2,NULL,0.0528644,-0.036316
69568X,27/07/2022,17255.3,NULL,0.104702,0.0598295
69568X,28/07/2022,17637.1,NULL,0.033274,0.0218853
69568X,29/07/2022,18657.4,NULL,0.0875387,0.0562382
69568X,1/08/2022,18665.3,NULL,0.10206,0.000423335
69568X,2/08/2022,18873.2,NULL,0.149453,0.0110767
69568X,3/08/2022,19300.8,NULL,0.112027,0.0224036
69568X,4/08/2022,19378.4,NULL,0.0941544,0.0040125
69568X,5/08/2022,18093.6,NULL,-0.0306846,-0.0686008
69568X,8/08/2022,18235,NULL,-0.0233234,0.00778454
69568X,9/08/2022,17789.9,NULL,-0.059112,-0.0247119
69568X,10/08/2022,18482,NULL,-0.0433493,0.0381664
69568X,11/08/2022,17996.9,NULL,-0.0739595,-0.0265978
69568X,12/08/2022,18838.2,NULL,0.0403284,0.0456872
69568X,15/08/2022,19421.5,NULL,0.0630379,0.030494
69568X,16/08/2022,19248.4,NULL,0.0787971,-0.00895276
69568X,17/08/2022,19087.3,NULL,0.0322259,-0.00840475
69568X,18/08/2022,19016.5,NULL,0.0551075,-0.00371617
69568X,19/08/2022,18627,NULL,-0.0112746,-0.0206949
69568X,22/08/2022,18203,NULL,-0.0647943,-0.0230257
69568X,23/08/2022,18613.7,NULL,-0.0335301,0.0223115
69568X,24/08/2022,18654,NULL,-0.0229626,0.00216273
69568X,25/08/2022,18589.6,NULL,-0.0227047,-0.00345832
69568X,26/08/2022,18088.5,NULL,-0.0293358,-0.0273259
69568X,29/08/2022,17883.2,NULL,-0.0177247,-0.0114147
69568X,30/08/2022,17436.2,NULL,-0.0653494,-0.0253132
69568X,31/08/2022,17304.9,NULL,-0.0750709,-0.00755881
69568X,1/09/2022,17402.2,NULL,-0.0660056,0.00560694
69568X,2/09/2022,16965.9,NULL,-0.0640709,-0.0253912
69568X,5/09/2022,16965.9,NULL,-0.0526563,0
69568X,6/09/2022,17230.2,NULL,-0.0118848,0.0154582
69568X,7/09/2022,17812.9,NULL,0.0289332,0.0332593
69568X,8/09/2022,18162,NULL,0.0427349,0.0194086
69568X,9/09/2022,18816.2,NULL,0.103513,0.0353867
69568X,12/09/2022,19113.8,NULL,0.119205,0.0156924
69568X,13/09/2022,18342.2,NULL,0.0625408,-0.0412062
69568X,14/09/2022,19000.2,NULL,0.0645266,0.0352451
69568X,15/09/2022,19071.8,NULL,0.0488793,0.0037613
69568X,16/09/2022,19046.7,NULL,0.0121757,-0.00131695
69568X,19/09/2022,19405.8,NULL,0.0151614,0.0186781
69568X,20/09/2022,19384.5,NULL,0.0552694,-0.00109821
69568X,21/09/2022,18886.6,NULL,-0.00599683,-0.0260211
69568X,22/09/2022,18119.9,NULL,-0.0512,-0.0414419
69568X,23/09/2022,17287.4,NULL,-0.0969159,-0.0470329
69568X,26/09/2022,17330.1,NULL,-0.113127,0.00246696
69568X,27/09/2022,17765.2,NULL,-0.0872323,0.0247966
69568X,28/09/2022,18070.9,NULL,-0.0441498,0.0170614
69568X,29/09/2022,16840.3,NULL,-0.073236,-0.0705281
69568X,30/09/2022,16654.5,NULL,-0.0372975,-0.0110944
69568X,3/10/2022,15219.8,NULL,-0.129848,-0.0900832
69568X,4/10/2022,15661.8,NULL,-0.126017,0.0286274
69568X,5/10/2022,15119.9,NULL,-0.178291,-0.0352129
69568X,6/10/2022,14951.7,NULL,-0.11895,-0.0111868
69568X,7/10/2022,14006.1,NULL,-0.173187,-0.0653321
69568X,10/10/2022,13999.2,NULL,-0.083597,-0.000492764
69568X,11/10/2022,13593.5,NULL,-0.141633,-0.0294084
69568X,12/10/2022,13640,NULL,-0.103005,0.00341492
69568X,13/10/2022,13921.3,NULL,-0.071405,0.0204134
69568X,14/10/2022,12870.9,NULL,-0.084524,-0.0784511
69568X,17/10/2022,13772.5,NULL,-0.0163263,0.0677049
69568X,18/10/2022,13825.2,NULL,0.0169013,0.00381916
69568X,19/10/2022,13941.4,NULL,0.0218562,0.00836982
69568X,20/10/2022,13014.7,NULL,-0.0673406,-0.0687833
69568X,21/10/2022,13464.2,NULL,0.0450654,0.0339548
69568X,24/10/2022,13263.9,NULL,-0.0376278,-0.0149883
69568X,25/10/2022,13964.9,NULL,0.010054,0.051501
69568X,26/10/2022,14104.6,NULL,0.0116382,0.00995395
69568X,27/10/2022,14132.9,NULL,0.0824259,0.00200443
69568X,28/10/2022,14348.3,NULL,0.0635972,0.0151261
69568X,31/10/2022,14286.7,NULL,0.074283,-0.00430243
69568X,1/11/2022,14304.3,NULL,0.0240132,0.00123116
69568X,2/11/2022,13498.1,NULL,-0.0439521,-0.0580113
69568X,3/11/2022,13518.8,NULL,-0.0444241,0.00153237
69568X,4/11/2022,13026.6,NULL,-0.096638,-0.0370879
69568X,7/11/2022,12374.2,NULL,-0.143715,-0.0513798
69568X,8/11/2022,12011.3,NULL,-0.174712,-0.0297658
69568X,9/11/2022,11150.5,NULL,-0.191065,-0.0743635
69568X,10/11/2022,11974.9,NULL,-0.121269,0.0713285
69568X,11/11/2022,12304.5,NULL,-0.0570284,0.0271523
69568X,14/11/2022,11989.3,NULL,-0.0315991,-0.0259505
69568X,15/11/2022,12207.2,NULL,0.0161781,0.0180114
69568X,16/11/2022,11736.3,NULL,0.0512023,-0.0393393
69568X,17/11/2022,11500.8,NULL,-0.0403962,-0.02027
69568X,18/11/2022,11313.7,NULL,-0.0839507,-0.0164022
69568X,21/11/2022,10540.2,NULL,-0.128818,-0.0708179
69568X,22/11/2022,10668.3,NULL,-0.134749,0.0120802
69568X,23/11/2022,11502.7,NULL,-0.0201048,0.0753051
69568X,24/11/2022,11502.7,NULL,0.000165192,0
69568X,25/11/2022,11481.4,NULL,0.014714,-0.00185346
69568X,28/11/2022,11485.1,NULL,0.085854,0.000322208
69568X,29/11/2022,11353.9,NULL,0.0622846,-0.0114892
69568X,30/11/2022,12224.8,NULL,0.0608849,0.0739054
69568X,1/12/2022,12224.8,NULL,0.0608849,0
69568X,2/12/2022,12234.8,NULL,0.063556,0.000817675
69568X,5/12/2022,11455.6,NULL,-0.00257185,-0.0658057
69568X,6/12/2022,11290.5,NULL,-0.00559963,-0.014517
69568X,7/12/2022,10927.6,NULL,-0.112175,-0.03267
69568X,8/12/2022,10889.9,NULL,-0.115631,-0.00345594
69568X,9/12/2022,11242.2,NULL,-0.0846098,0.0318388
69568X,12/12/2022,10537,NULL,-0.0835858,-0.0647817
69568X,13/12/2022,10105.7,NULL,-0.110862,-0.0417933
69568X,14/12/2022,9845.12,NULL,-0.104316,-0.0261237
69568X,15/12/2022,9899.75,NULL,-0.0953263,0.0055336
69568X,16/12/2022,9432.61,NULL,-0.175502,-0.0483367
69568X,19/12/2022,9410,NULL,-0.11312,-0.00239988
69568X,20/12/2022,8652.15,NULL,-0.155292,-0.0839651
69568X,21/12/2022,8637.71,NULL,-0.130838,-0.00167034
69568X,22/12/2022,7870.45,NULL,-0.229394,-0.0930223
69568X,23/12/2022,7732.31,NULL,-0.198765,-0.0177076
69568X,26/12/2022,7732.31,NULL,-0.196365,0
69568X,27/12/2022,6850.14,NULL,-0.233539,-0.121139
69568X,28/12/2022,7076.81,NULL,-0.199314,0.0325541
69568X,29/12/2022,7648.8,NULL,-0.0285665,0.0777255
69568X,30/12/2022,7734.2,NULL,0.000244399,0.0111033
69568X,2/01/2023,7734.2,NULL,0.000244399,0
69568X,3/01/2023,6787.36,NULL,-0.00920703,-0.13059
69568X,4/01/2023,7135.2,NULL,0.00821704,0.0499782
69568X,5/01/2023,6928,NULL,-0.0989776,-0.0294691
69568X,6/01/2023,7098.79,NULL,-0.0857277,0.0243532
69568X,9/01/2023,7520.09,NULL,-0.0280739,0.0576538
69568X,10/01/2023,7462.32,NULL,0.0948043,-0.00771175
69568X,11/01/2023,7736.71,NULL,0.0809363,0.0361102
69568X,12/01/2023,7758.05,NULL,0.11316,0.00275448
69568X,13/01/2023,7685.22,NULL,0.0793747,-0.00943201
69568X,16/01/2023,7685.22,NULL,0.0217209,0
69568X,17/01/2023,8255.96,NULL,0.101069,0.0716364
69568X,18/01/2023,8085.81,NULL,0.0441341,-0.0208247
69568X,19/01/2023,7984.72,NULL,0.0287987,-0.012581
69568X,20/01/2023,8377.14,NULL,0.0862076,0.0479769
69568X,23/01/2023,9025.74,NULL,0.160781,0.0745739
69568X,24/01/2023,9034.53,NULL,0.0901185,0.000973407
69568X,25/01/2023,9068.44,NULL,0.11469,0.00374635
69568X,26/01/2023,10063,NULL,0.231336,0.104065
69568X,27/01/2023,11170,NULL,0.287725,0.104366
69568X,30/01/2023,10464.2,NULL,0.147879,-0.0652717
69568X,31/01/2023,10876.1,NULL,0.185514,0.0386078
69568X,1/02/2023,11390.3,NULL,0.227962,0.0461944
69568X,2/02/2023,11821,NULL,0.161012,0.0371155
69568X,3/02/2023,11928.4,NULL,0.0656905,0.0090445
69568X,6/02/2023,12228.5,NULL,0.155809,0.0248472
69568X,7/02/2023,12357.3,NULL,0.127679,0.0104777
69568X,8/02/2023,12638.5,NULL,0.103986,0.0225007
69568X,9/02/2023,13017.2,NULL,0.096394,0.0295238
69568X,10/02/2023,12362.3,NULL,0.0357294,-0.05162
69568X,13/02/2023,12221,NULL,-0.00061351,-0.0114957
69568X,14/02/2023,13138.3,NULL,0.0612846,0.0723758
69568X,15/02/2023,13451.7,NULL,0.0623578,0.0235739
69568X,16/02/2023,12685.6,NULL,-0.0258041,-0.058638
69568X,17/02/2023,13079.3,NULL,0.0563793,0.0305633
69568X,20/02/2023,13079.3,NULL,0.067875,0
69568X,21/02/2023,12392.4,NULL,-0.0584482,-0.0539474
69568X,22/02/2023,12611.5,NULL,-0.0644964,0.0175257
69568X,23/02/2023,12687.5,NULL,0.000149765,0.00600816
69568X,24/02/2023,12361.7,NULL,-0.0564278,-0.0260143
69568X,27/02/2023,13036.6,NULL,-0.00327004,0.0531578
69568X,28/02/2023,12916.1,NULL,0.0413912,-0.00928619
69568X,1/03/2023,12731.5,NULL,0.00947014,-0.0143954
69568X,2/03/2023,11986.2,NULL,-0.0568613,-0.0603232
69568X,3/03/2023,12418.8,NULL,0.00460847,0.0354555
69568X,6/03/2023,12168.9,NULL,-0.0688773,-0.0203279
69568X,7/03/2023,11785.9,NULL,-0.0915707,-0.0319796
69568X,8/03/2023,11427.4,NULL,-0.108065,-0.0308899
69568X,9/03/2023,10857.3,NULL,-0.0989183,-0.0511763
69568X,10/03/2023,10889.9,NULL,-0.131376,0.00299809
69568X,13/03/2023,10955.2,NULL,-0.105069,0.00597848
69568X,14/03/2023,11506.5,NULL,-0.0239918,0.0490979
69568X,15/03/2023,11330,NULL,-0.0085599,-0.015458
69568X,16/03/2023,11561.1,NULL,0.0628083,0.0201919
69568X,17/03/2023,11310,NULL,0.0378515,-0.0219587
69568X,20/03/2023,11505.9,NULL,0.0490457,0.0171727
69568X,21/03/2023,12405.6,NULL,0.0752359,0.075288
69568X,22/03/2023,12001.9,NULL,0.0576109,-0.033083
69568X,23/03/2023,12069.1,NULL,0.0430025,0.0055835
69568X,24/03/2023,11955.4,NULL,0.0554958,-0.00946541
69568X,27/03/2023,12043.3,NULL,0.0456485,0.00732543
69568X,28/03/2023,11878.8,NULL,-0.0433927,-0.0137532
69568X,29/03/2023,12173.3,NULL,0.0141801,0.0244897
69568X,30/03/2023,12261.2,NULL,0.0157913,0.00719478
69568X,31/03/2023,13026,NULL,0.0857643,0.0605076
69568X,3/04/2023,12229.2,NULL,0.015318,-0.0631208
69568X,4/04/2023,12091.7,NULL,0.017764,-0.0113073
69568X,5/04/2023,11648.4,NULL,-0.0440762,-0.0373504
69568X,6/04/2023,11619.5,NULL,-0.0537551,-0.00248411
69568X,7/04/2023,11619.5,NULL,-0.114263,0
69568X,10/04/2023,11585,NULL,-0.0541154,-0.00297356
69568X,11/04/2023,11728.1,NULL,-0.0305316,0.0122765
69568X,12/04/2023,11335.7,NULL,-0.0272118,-0.0340306
69568X,13/04/2023,11672.2,NULL,0.00452522,0.0292529
69568X,14/04/2023,11615.7,NULL,-0.00032709,-0.00485231
69568X,17/04/2023,11743.8,NULL,0.0136143,0.0109678
69568X,18/04/2023,11572.4,NULL,-0.0133647,-0.0147025
69568X,19/04/2023,11338.8,NULL,0.000273435,-0.0203925
69568X,20/04/2023,10233.8,NULL,-0.131514,-0.102535
69568X,21/04/2023,10365,NULL,-0.113923,0.0127388
69568X,24/04/2023,10206.2,NULL,-0.14033,-0.0154394
69568X,25/04/2023,10088.1,NULL,-0.137266,-0.0116389
69568X,26/04/2023,9653.62,NULL,-0.160897,-0.0440235
69568X,27/04/2023,10058,NULL,-0.0173276,0.0410354
69568X,28/04/2023,10316.7,NULL,-0.0046708,0.0253956
69568X,1/05/2023,10161,NULL,-0.00443852,-0.0152071
69568X,2/05/2023,10065.5,NULL,-0.00224278,-0.00944313
69568X,3/05/2023,10084.3,NULL,0.0436468,0.00186602
69568X,4/05/2023,10121.4,NULL,0.00628366,0.00367224
69568X,5/05/2023,10677.7,NULL,0.0343935,0.0535055
69568X,8/05/2023,10786.3,NULL,0.0597199,0.0101194
69568X,9/05/2023,10620.5,NULL,0.0536724,-0.0154907
69568X,10/05/2023,10582.2,NULL,0.0481936,-0.00361275
69568X,11/05/2023,10804.5,NULL,0.0653107,0.0207894
69568X,12/05/2023,10547.1,NULL,-0.0123065,-0.0241118
69568X,15/05/2023,10444.8,NULL,-0.0321726,-0.00974669
69568X,16/05/2023,10455.4,NULL,-0.0156675,0.00101434
69568X,17/05/2023,10916.3,NULL,0.0310837,0.0431385
69568X,18/05/2023,11106.5,NULL,0.0275678,0.0172734
69568X,19/05/2023,11310.6,NULL,0.0698894,0.0182098
69568X,22/05/2023,11858.7,NULL,0.126958,0.0473214
69568X,23/05/2023,11664.1,NULL,0.109397,-0.016546
69568X,24/05/2023,11483.9,NULL,0.050689,-0.0155697
69568X,25/05/2023,11582.5,NULL,0.0419648,0.00854928
69568X,26/05/2023,12128.7,NULL,0.0698342,0.0460792
69568X,29/05/2023,12128.7,NULL,0.0225128,0
69568X,30/05/2023,12630.4,NULL,0.0795909,0.0405321
69568X,31/05/2023,12804.3,NULL,0.108835,0.0136744
69568X,1/06/2023,13029.7,NULL,0.117736,0.0174503
69568X,2/06/2023,13434.7,NULL,0.102266,0.0306095
69568X,5/06/2023,13663.2,NULL,0.119132,0.0168652
69568X,6/06/2023,13895.6,NULL,0.0954656,0.0168662
69568X,7/06/2023,14100.2,NULL,0.0964079,0.0146167
69568X,8/06/2023,14746.3,NULL,0.123761,0.0448032
69568X,9/06/2023,15345.3,NULL,0.132968,0.039817
69568X,12/06/2023,15686.3,NULL,0.138082,0.0219785
69568X,13/06/2023,16243.8,NULL,0.156139,0.0349236
69568X,14/06/2023,16123.3,NULL,0.134076,-0.00744587
69568X,15/06/2023,16067.4,NULL,0.0858002,-0.00347306
69568X,16/06/2023,16358.7,NULL,0.0639506,0.0179675
69568X,19/06/2023,16358.7,NULL,0.0419721,0
69568X,20/06/2023,17232.1,NULL,0.0590626,0.0520141
69568X,21/06/2023,16290.9,NULL,0.0103412,-0.0561673
69568X,22/06/2023,16614.3,NULL,0.0334714,0.0196571
69568X,23/06/2023,16111.3,NULL,-0.015239,-0.0307429
69568X,26/06/2023,15135,NULL,-0.0777499,-0.0625109
69568X,27/06/2023,15710.1,NULL,-0.0924701,0.0372939
69568X,28/06/2023,16088.7,NULL,-0.0124895,0.0238133
69568X,29/06/2023,16167.8,NULL,-0.0272422,0.00490445
69568X,30/06/2023,16436,NULL,0.0199532,0.0164524
69568X,3/07/2023,17569.3,NULL,0.149143,0.066679
69568X,4/07/2023,17569.3,NULL,0.111849,0
69568X,5/07/2023,17736.3,NULL,0.0974962,0.00946033
69568X,6/07/2023,17363.3,NULL,0.0713372,-0.0212546
69568X,7/07/2023,17230.8,NULL,0.0472244,-0.0076603
69568X,10/07/2023,16928.2,NULL,-0.0371722,-0.0177176
69568X,11/07/2023,16939.5,NULL,-0.0365049,0.000667303
69568X,12/07/2023,17077.6,NULL,-0.0378457,0.00811949
69568X,13/07/2023,17448.7,NULL,0.00490636,0.0214975
69568X,14/07/2023,17667.2,NULL,0.0250113,0.0124447
69568X,17/07/2023,18232.3,NULL,0.0742139,0.0314849
69568X,18/07/2023,18418.2,NULL,0.0836911,0.0101446
69568X,19/07/2023,18287.6,NULL,0.0684556,-0.00711607
69568X,20/07/2023,16506.9,NULL,-0.0554867,-0.102445
69568X,21/07/2023,16326.1,NULL,-0.0789448,-0.0110134
69568X,24/07/2023,16893.7,NULL,-0.076254,0.0341757
69568X,25/07/2023,16656.3,NULL,-0.100551,-0.0141522
69568X,26/07/2023,16597.9,NULL,-0.0969471,-0.00351234
69568X,27/07/2023,16055.5,NULL,-0.027727,-0.0332247
69568X,28/07/2023,16729.2,NULL,0.0243906,0.0411042
69568X,31/07/2023,16791.3,NULL,-0.00607988,0.0037052
69568X,1/08/2023,16392,NULL,-0.0159951,-0.0240675
69568X,2/08/2023,15955,NULL,-0.0395039,-0.0270212
69568X,3/08/2023,16282.1,NULL,0.0140149,0.0202941
69568X,4/08/2023,15939.3,NULL,-0.0483679,-0.0212786
69568X,7/08/2023,15788,NULL,-0.0616107,-0.0095376
69568X,8/08/2023,15678.1,NULL,-0.0445286,-0.00698532
69568X,9/08/2023,15206.6,NULL,-0.0480427,-0.0305353
69568X,10/08/2023,15404.3,NULL,-0.0554197,0.0129171
69568X,11/08/2023,15235.5,NULL,-0.0451595,-0.0110185
69568X,14/08/2023,15054,NULL,-0.0476064,-0.0119845
69568X,15/08/2023,14627,NULL,-0.0693957,-0.0287746
69568X,16/08/2023,14164.9,NULL,-0.0709625,-0.0321021
69568X,17/08/2023,13764.3,NULL,-0.112568,-0.0286888
69568X,18/08/2023,13530.1,NULL,-0.118711,-0.0171615
69568X,21/08/2023,14521.5,NULL,-0.0360134,0.0707135
69568X,22/08/2023,14641.5,NULL,0.000990826,0.00822965
69568X,23/08/2023,14871.9,NULL,0.0487065,0.0156136
69568X,24/08/2023,14443.7,NULL,0.0481801,-0.0292152
69568X,25/08/2023,14980.5,NULL,0.101833,0.036491
69568X,28/08/2023,14995,NULL,0.0320865,0.000967457
69568X,29/08/2023,16147.8,NULL,0.0979239,0.074067
69568X,30/08/2023,16130.2,NULL,0.0812198,-0.00109053
69568X,31/08/2023,16204.3,NULL,0.115018,0.00458335
69568X,1/09/2023,15383.6,NULL,0.0265527,-0.0519746
69568X,4/09/2023,15383.6,NULL,0.0255852,0
69568X,5/09/2023,16104.4,NULL,-0.00269129,0.0457905
69568X,6/09/2023,15817.5,NULL,-0.0195764,-0.0179756
69568X,7/09/2023,15790.5,NULL,-0.0258681,-0.00170843
69568X,8/09/2023,15602.8,NULL,0.0141484,-0.0119581
69568X,11/09/2023,17177.5,NULL,0.110298,0.09615
69568X,12/09/2023,16794.5,NULL,0.0419589,-0.0225489
69568X,13/09/2023,17034.3,NULL,0.074112,0.0141775
69568X,14/09/2023,17331.9,NULL,0.0931402,0.0173198
69568X,15/09/2023,17228.3,NULL,0.099103,-0.00599535
69568X,18/09/2023,16656.3,NULL,-0.0308119,-0.0337649
69568X,19/09/2023,16732.9,NULL,-0.00367461,0.00458832
69568X,20/09/2023,16487.4,NULL,-0.0326325,-0.0147804
69568X,21/09/2023,16054.8,NULL,-0.0765409,-0.0265886
69568X,22/09/2023,15375.5,NULL,-0.113778,-0.0432325
69568X,25/09/2023,15508,NULL,-0.0714325,0.00858069
69568X,26/09/2023,15327.8,NULL,-0.0877087,-0.0116878
69568X,27/09/2023,15100.5,NULL,-0.0878686,-0.0149403
69568X,28/09/2023,15469.7,NULL,-0.0371246,0.0241554
69568X,29/09/2023,15710.8,NULL,0.021573,0.0154651
69568X,2/10/2023,15797.4,NULL,0.0184893,0.005497
69568X,3/10/2023,15479.1,NULL,0.00982255,-0.0203546
69568X,4/10/2023,16397.7,NULL,0.0824132,0.0576504
69568X,5/10/2023,16328,NULL,0.0539982,-0.00425966
69568X,6/10/2023,16358.1,NULL,0.0403748,0.00184176
69568X,9/10/2023,16304.1,NULL,0.0315712,-0.00330658
69568X,10/10/2023,16552.1,NULL,0.0670223,0.0150964
69568X,11/10/2023,16512.6,NULL,0.00698264,-0.00238926
69568X,12/10/2023,16253.9,NULL,-0.00454855,-0.0157908
69568X,13/10/2023,15767.3,NULL,-0.036785,-0.0303947
69568X,16/10/2023,15943.1,NULL,-0.0223905,0.011088
69568X,17/10/2023,16001.5,NULL,-0.0338305,0.00365633
69568X,18/10/2023,15237.3,NULL,-0.0803774,-0.0489361
69568X,19/10/2023,13820.2,NULL,-0.162202,-0.0976151
69568X,20/10/2023,13310.4,NULL,-0.169392,-0.0375856
69568X,23/10/2023,13316,NULL,-0.18006,0.000420635
69568X,24/10/2023,13594.8,NULL,-0.162995,0.020721
69568X,25/10/2023,13337.4,NULL,-0.133174,-0.0191152
69568X,26/10/2023,12919.2,NULL,-0.0674167,-0.0318575
69568X,27/10/2023,13015.9,NULL,-0.022374,0.00745711
69568X,30/10/2023,12391.8,NULL,-0.0719314,-0.0491367
69568X,31/10/2023,12610.3,NULL,-0.0751734,0.017479
69568X,1/11/2023,12912.9,NULL,-0.0323453,0.0237129
69568X,2/11/2023,13719.8,NULL,0.0601255,0.0606132
69568X,3/11/2023,13810.8,NULL,0.0592792,0.00661085
69568X,6/11/2023,13767.5,NULL,0.105276,-0.00314015
69568X,7/11/2023,13950.2,NULL,0.10098,0.0131831
69568X,8/11/2023,13945.8,NULL,0.0769516,-0.000315457
69568X,9/11/2023,13184.2,NULL,-0.0398209,-0.0561592
69568X,10/11/2023,13477.4,NULL,-0.0244367,0.0219951
69568X,13/11/2023,14046.2,NULL,0.0200412,0.0413377
69568X,14/11/2023,14906.5,NULL,0.0663035,0.0594455
69568X,15/11/2023,15247.4,NULL,0.0892306,0.0226116
69568X,16/11/2023,14666.6,NULL,0.106554,-0.0388362
69568X,17/11/2023,14711.2,NULL,0.0875949,0.00303631
69568X,20/11/2023,14792.8,NULL,0.0517887,0.00553147
69568X,21/11/2023,15144.4,NULL,0.0158335,0.0234903
69568X,22/11/2023,14705.5,NULL,-0.0361874,-0.0294093
69568X,23/11/2023,14705.5,NULL,0.00264877,0
69568X,24/11/2023,14783.4,NULL,0.00489582,0.00528336
69568X,27/11/2023,14822.9,NULL,0.00203271,0.00266835
69568X,28/11/2023,15491,NULL,0.0226284,0.0440859
69568X,29/11/2023,15329,NULL,0.0415249,-0.0105128
69568X,30/11/2023,15074.1,NULL,0.0247565,-0.0167684
69568X,1/12/2023,14995.6,NULL,0.0142519,-0.00522121
69568X,4/12/2023,14791.5,NULL,-0.00212059,-0.0137041
69568X,5/12/2023,14988.7,NULL,-0.0329626,0.0132439
69568X,6/12/2023,15029.5,NULL,-0.0197315,0.00271835
69568X,7/12/2023,15234.8,NULL,0.0106042,0.0135673
69568X,8/12/2023,15310.2,NULL,0.0207624,0.00493699
69568X,11/12/2023,15052.7,NULL,0.0175047,-0.0169619
69568X,12/12/2023,14881.3,NULL,-0.00719119,-0.011452
69568X,13/12/2023,15024.5,NULL,-0.000332734,0.00957681
69568X,14/12/2023,15762.9,NULL,0.0340768,0.0479769
69568X,15/12/2023,15916.7,NULL,0.0388496,0.0097098
69568X,18/12/2023,15827.5,NULL,0.0501916,-0.00561994
69568X,19/12/2023,16150.3,NULL,0.0818332,0.0201897
69568X,20/12/2023,15517.4,NULL,0.0322798,-0.0399766
69568X,21/12/2023,15979.5,NULL,0.0136476,0.0293447
69568X,22/12/2023,15856.4,NULL,-0.00379567,-0.00773345
69568X,25/12/2023,15856.4,NULL,0.00182427,0
69568X,26/12/2023,16112,NULL,-0.00237429,0.0159911
69568X,27/12/2023,16415.2,NULL,0.0562458,0.0186434
69568X,28/12/2023,15896.6,NULL,-0.0052014,-0.0321025
69568X,29/12/2023,15601.5,NULL,-0.0162061,-0.0187382
69568X,1/01/2024,15601.5,NULL,-0.0162061,0
69568X,2/01/2024,15597.7,NULL,-0.0324409,-0.000243596
69568X,3/01/2024,14971.7,NULL,-0.092046,-0.0409617
69568X,4/01/2024,14939.1,NULL,-0.0621233,-0.00217982
69568X,5/01/2024,14911.5,NULL,-0.0452343,-0.00184921
69568X,8/01/2024,15097.3,NULL,-0.0328511,0.0123832
69568X,9/01/2024,14752.6,NULL,-0.0557041,-0.0230966
69568X,10/01/2024,14688.6,NULL,-0.0190901,-0.00434766
69568X,11/01/2024,14266.6,NULL,-0.0460608,-0.0291505
69568X,12/01/2024,13743.6,NULL,-0.0815595,-0.0373479
69568X,15/01/2024,13743.6,NULL,-0.0939427,0
69568X,16/01/2024,13807.7,NULL,-0.0661929,0.00465315
69568X,17/01/2024,13533.9,NULL,-0.081874,-0.0200288
69568X,18/01/2024,13303.5,NULL,-0.069894,-0.0171705
69568X,19/01/2024,13322.9,NULL,-0.0310889,0.0014572
69568X,22/01/2024,13110.1,NULL,-0.0471903,-0.0161014
69568X,23/01/2024,13131.4,NULL,-0.0502201,0.00162338
69568X,24/01/2024,13049.2,NULL,-0.0364708,-0.00627948
69568X,25/01/2024,11466.9,NULL,-0.148563,-0.129262
69568X,26/01/2024,11505.9,NULL,-0.146624,0.00339532
69568X,29/01/2024,11988.1,NULL,-0.0894684,0.0410545
69568X,30/01/2024,12029.5,NULL,-0.0876443,0.00344748
69568X,31/01/2024,11759.5,NULL,-0.104065,-0.0227005
69568X,1/02/2024,11858.1,NULL,0.0335466,0.00834975
69568X,2/02/2024,11798.5,NULL,0.0251125,-0.00503877
69568X,5/02/2024,11368.3,NULL,-0.0530857,-0.0371436
69568X,6/02/2024,11622,NULL,-0.0344621,0.0220711
69568X,7/02/2024,11777.7,NULL,0.00154649,0.0133081
69568X,8/02/2024,11902,NULL,0.00369527,0.0104985
69568X,9/02/2024,12153.8,NULL,0.0296695,0.0209354
69568X,12/02/2024,11812.3,NULL,0.0383126,-0.0285005
69568X,13/02/2024,11554.2,NULL,-0.00585085,-0.0220924
69568X,14/02/2024,11848.7,NULL,0.00601024,0.0251691
69568X,15/02/2024,12585.8,NULL,0.0558627,0.060351
69568X,16/02/2024,12554.4,NULL,0.0324293,-0.00249799
69568X,19/02/2024,12554.4,NULL,0.0609298,0
69568X,20/02/2024,12165.8,NULL,0.0515797,-0.0314425
69568X,21/02/2024,12229.2,NULL,0.0316084,0.0051978
69568X,22/02/2024,12394.9,NULL,-0.0152841,0.0134586
69568X,23/02/2024,12053.4,NULL,-0.0407244,-0.0279383
69568X,26/02/2024,12519.9,NULL,-0.00275182,0.0379726
69568X,27/02/2024,12540.6,NULL,0.0303426,0.001652
69568X,28/02/2024,12685.6,NULL,0.036641,0.0114961
69568X,29/02/2024,12675.6,NULL,0.0223938,-0.000788606
69568X,1/03/2024,12723.3,NULL,0.0540882,0.00375607
69568X,4/03/2024,11812.9,NULL,-0.0581272,-0.0742428
69568X,5/03/2024,11348.3,NULL,-0.0999034,-0.0401242
69568X,6/03/2024,11084.5,NULL,-0.13492,-0.0235202
69568X,7/03/2024,11217,NULL,-0.122248,0.0118827
69568X,8/03/2024,11009.2,NULL,-0.144704,-0.0186992
69568X,11/03/2024,11161.8,NULL,-0.0566949,0.0137659
69568X,12/03/2024,11147.3,NULL,-0.0178706,-0.00129992
69568X,13/03/2024,10641.3,NULL,-0.0408051,-0.0464547
69568X,14/03/2024,10203,NULL,-0.0947487,-0.0420609
69568X,15/03/2024,10270.2,NULL,-0.0694848,0.0065647
69568X,18/03/2024,10912.5,NULL,-0.0225883,0.0606624
69568X,19/03/2024,10756.8,NULL,-0.0356592,-0.0143708
69568X,20/03/2024,11029.3,NULL,0.0358127,0.0250173
69568X,21/03/2024,10851,NULL,0.0615754,-0.0162981
69568X,22/03/2024,10726,NULL,0.0434242,-0.0115865
69568X,25/03/2024,10839,NULL,-0.00675818,0.01048
69568X,26/03/2024,11155.5,NULL,0.0363945,0.0287819
69568X,27/03/2024,11291.1,NULL,0.0234594,0.0120822
69568X,28/03/2024,11037.5,NULL,0.0170413,-0.0227162
69568X,29/03/2024,11037.5,NULL,0.0286279,0
69568X,1/04/2024,11001.7,NULL,0.0148991,-0.00324876
69568X,2/04/2024,10462.3,NULL,-0.0641543,-0.0502715
69568X,3/04/2024,10572.2,NULL,-0.0657869,0.0104496
69568X,4/04/2024,10743.6,NULL,-0.0269883,0.0160823
69568X,5/04/2024,10353.7,NULL,-0.0639546,-0.0369663
69568X,8/04/2024,10861,NULL,-0.0128714,0.0478344
69568X,9/04/2024,11105.9,NULL,0.0596982,0.0222981
69568X,10/04/2024,10784.4,NULL,0.0198727,-0.0293759
69568X,11/04/2024,10962.8,NULL,0.0201975,0.0164071
69568X,12/04/2024,10739.8,NULL,0.0366125,-0.0205513
69568X,15/04/2024,10139,NULL,-0.068789,-0.0575671
69568X,16/04/2024,9864.59,NULL,-0.118525,-0.0274378
69568X,17/04/2024,9760.36,NULL,-0.0997714,-0.0106223
69568X,18/04/2024,9413.77,NULL,-0.152334,-0.0361558
69568X,19/04/2024,9232.94,NULL,-0.151179,-0.019396
69568X,22/04/2024,8919,NULL,-0.128206,-0.0345937
69568X,23/04/2024,9084.13,NULL,-0.0824226,0.0183451
69568X,24/04/2024,10179.8,NULL,0.0420761,0.113876
69568X,25/04/2024,10685.2,NULL,0.126686,0.0484542
69568X,26/04/2024,10566.5,NULL,0.134911,-0.011171
69568X,29/04/2024,12184,NULL,0.31194,0.142435
69568X,30/04/2024,11507.7,NULL,0.236487,-0.0571072
69568X,1/05/2024,11301.2,NULL,0.104504,-0.0181075
69568X,2/05/2024,11302.4,NULL,0.0561555,0.000106178
69568X,3/05/2024,11376.5,NULL,0.0738612,0.00653473
69568X,6/05/2024,11600.7,NULL,-0.0490582,0.0195156
69568X,7/05/2024,11164.3,NULL,-0.0302952,-0.0383443
69568X,8/05/2024,10970.3,NULL,-0.0297173,-0.0175296
69568X,9/05/2024,10797.6,NULL,-0.0456912,-0.0158677
69568X,10/05/2024,10577.9,NULL,-0.0727829,-0.020557
69568X,13/05/2024,10792.6,NULL,-0.0722047,0.0200938
69568X,14/05/2024,11148,NULL,-0.00146108,0.0323994
69568X,15/05/2024,10924.5,NULL,-0.00418365,-0.0202521
69568X,16/05/2024,10977.8,NULL,0.0165512,0.00486708
69568X,17/05/2024,11142.3,NULL,0.0519818,0.0148736
69568X,20/05/2024,10984.7,NULL,0.0176427,-0.0142453
69568X,21/05/2024,11716.2,NULL,0.0497124,0.0644691
69568X,22/05/2024,11308.7,NULL,0.0345644,-0.0354002
69568X,23/05/2024,10908.8,NULL,-0.00630525,-0.0360025
69568X,24/05/2024,11254.1,NULL,0.00998383,0.0311627
69568X,27/05/2024,11254.1,NULL,0.0242291,0
69568X,28/05/2024,11097.7,NULL,-0.0542346,-0.0139946
69568X,29/05/2024,11062.6,NULL,-0.0220023,-0.00316783
69568X,30/05/2024,11225.8,NULL,0.0286449,0.0146447
69568X,31/05/2024,11181.2,NULL,-0.00649871,-0.0039809
69568X,3/06/2024,11068.9,NULL,-0.0165931,-0.0100944
69568X,4/06/2024,10973.4,NULL,-0.0112637,-0.00866521
69568X,5/06/2024,10987.9,NULL,-0.00677538,0.0013205
69568X,6/06/2024,11172.5,NULL,-0.0047593,0.0166607
69568X,7/06/2024,11143.6,NULL,-0.00336845,-0.00259006
69568X,10/06/2024,10911.9,NULL,-0.0142854,-0.0210114
69568X,11/06/2024,10715.4,NULL,-0.0237922,-0.018172
69568X,12/06/2024,11131.6,NULL,0.0129932,0.0381059
69568X,13/06/2024,11456.9,NULL,0.0251368,0.0288043
69568X,14/06/2024,11176.8,NULL,0.00297486,-0.024752
69568X,17/06/2024,11768.9,NULL,0.0756065,0.0516203
69568X,18/06/2024,11607,NULL,0.0799264,-0.0138521
69568X,19/06/2024,11607,NULL,0.0418205,0
69568X,20/06/2024,11400.4,NULL,-0.00494373,-0.0179599
69568X,21/06/2024,11490.8,NULL,0.0277065,0.00789827
69568X,24/06/2024,11463.8,NULL,-0.0262662,-0.00235247
69568X,25/06/2024,11763.3,NULL,0.0133762,0.0257903
69568X,26/06/2024,12329.6,NULL,0.0603945,0.0470184
69568X,27/06/2024,12395.6,NULL,0.0836931,0.0053387
69568X,28/06/2024,12424.5,NULL,0.0781236,0.00232876
69568X,1/07/2024,13176.6,NULL,0.139248,0.0587722
69568X,2/07/2024,14520.3,NULL,0.210563,0.0971051
69568X,3/07/2024,15470.3,NULL,0.226919,0.0633744
69568X,4/07/2024,15470.3,NULL,0.22158,0
69568X,5/07/2024,15792.4,NULL,0.239858,0.0206068
69568X,8/07/2024,15881.5,NULL,0.186712,0.0056261
69568X,9/07/2024,16471.1,NULL,0.12606,0.0364524
69568X,10/07/2024,16529.5,NULL,0.0662246,0.00353933
69568X,11/07/2024,15133.7,NULL,-0.021998,-0.0882226
69568X,12/07/2024,15585.8,NULL,-0.0131686,0.0294362
69568X,15/07/2024,15862.7,NULL,-0.00118447,0.0176102
69568X,16/07/2024,16108.8,NULL,-0.0222416,0.0153953
69568X,17/07/2024,15602.8,NULL,-0.0576963,-0.0319153
69568X,18/07/2024,15648.6,NULL,0.0334574,0.00293107
69568X,19/07/2024,15018.8,NULL,-0.0370575,-0.0410787
